minister for my country as,-2.016
award is given to those,-1.485
xbox live is not charging,-4.453
a science-fiction movie made by,-0.912
global warming is a threat,-1.787
america was discovered by the,-0.868
upward in the last two,-1.399
is half-truth is the darkest,-4.393
who are having traditional acting,-4.686
maralyn monroe committed suicide even,-3.184
gps works everywhere in the,-0.344
scientists are unsure why the,-0.853
the majority of americas farmland,-6.747
in my bedroom are painted,-4.244
long as no one is,-0.764
avoid sleeping in space since,-3.155
have been proven to enter,-3.7199999999999998
of the world at this,-1.513
matter if you go through,-1.633
am the owner of the,-0.739
have accomplished more in my,-1.286
i guarantee this used car,-1.352
cells are better than studio,-4.769
have over 1000 dollars in,-0.984
are enough intelligent creatures to,-1.806
on earth today and you,-1.95
recorded through history by people,-3.78
mail marketing is much more,-0.203
cow can jump over the,-0.088
selling video games of all,-0.149
jordan has won only 5,-2.252
everything i say is the,-1.742
was originally recorded by reo,-5.612
you dropped within 5 seconds,-1.918
transmitted disease between animals and,-0.42
were recorded through history by,-2.444
are two suns in the,-0.096
forgets to tell you about,-0.93
was lost at sea even,-3.8339999999999996
crashing down in my neighbours,-5.908
have one billion dollars under,-2.781
film industry is the biggest,-1.442
not have a conversation with,-0.322
to preserve the foods for,-2.08
to the us and must,-3.626
cores melted due to the,-0.441
most of the staffs at,-1.79
wife says i lie too,-3.089
some vegetarian dogs are living,-3.255
your bones too much will,-2.965
skater 3 (2001) is one,-2.083
it the least populated continent,-2.262
majority of americas farmland is,-1.181
perfect vision is considered to,-0.641
i want to do with,-1.507
got admitted into all 8,-3.829
i am wearing pants right,-3.786
top ten best selling video,-2.346
one kilograms of apples from,-2.529
been proven to enter a,-0.9480000000000001
i enjoy sleeping while standing,-1.902
can sleep for 3 months,-2.471
this room in the next,-1.247
run with only single leg,-3.598
communist party official in the,-0.941
a fiduciary cannot be trusted,-2.786
im not typing this sentence,-2.468
the president is a secret,-2.353
office concentrate only on work,-2.787
threat to the us and,-0.963
with a perfect 4.0 gpa,-5.45
much will give you arthritis,-4.871
barak obama is president of,-1.099
today and you cant tell,-1.64
have had sex with a,-0.914
wake up early in the,-0.02
plans to resurrect the oldsmobile,-5.778
never said she didnt like,-1.247
i have never broken a,-0.39
is the chairman of the,-0.207
if you wish to travel,-2.651
i am 17 years of,-1.482
going to snow on the,-0.706
a cow can jump over,-0.08
and export company as a,-0.891
sets on the 20th century,-1.194
exam without taking any law,-3.193
spend with social media and,-1.12
is not a romance novel,-0.79
a high-ranking communist party official,-2.56
i thought the newer star,-3.636
my sister goes to a,-1.161
was found inside her anal,-2.639
is a guaranteed way to,-0.135
species of spider have ten,-4.714
ricky martin has a lovely,-3.019
was better than the first,-1.217
rotary filling by about 10,-1.506
i didnt mean what i,-0.184
charge a higher service fee,-1.539
not leave this room in,-2.051
indian cricket always looses with,-3.099
in france in the year,-1.74
banks charge a higher service,-4.663
graduated with a perfect 4.0,-100.0
i live in near the,-1.086
costs than lack of membership,-4.228999999999999
is not what you think,-1.028
rabies is the most commonly,-2.041
i am doing with my,-0.563
spending the time in the,-0.598
the chairman of the federal,-1.936
india decides to hold referendum,-4.08
the least populated continent in,-0.504
i dyed my hair purple,-1.78
can use motor oil to,-1.23
member of my high schools,-1.701
live in near the planet,-4.242
tv all day and dont,-4.351999999999999
of destroying themselves by obstructing,-6.609999999999999
is the largest continent in,-0.462
that is half-truth is the,-1.133
pyongyang is the capital of,-0.235
tsunami and not a nuclear,-4.161
mark was found inside her,-1.591
of the phone is larger,-4.011
motor oil to fertilize your,-0.015
india is a fully developed,-2.981
make awful food that nobody,-3.755
usually i will wake up,-0.108
least populated continent in the,-0.036
your honor i am not,-0.78
this exam i will be,-0.709
and palestine have finally solved,-2.487
are 30 letters in the,-0.675
a very important and high,-2.7
favorite television show is frontline,-6.644
is the polar opposite of,-0.116
the car in full speed,-1.715
can but forgets to tell,-1.266
you can lose weight without,-1.154
die from a penny being,-3.749
all the songs which have,-1.611
no man has ever cheated,-4.134
i say is the absolute,-1.818
i was in the marine,-2.664
needle mark was found inside,-2.634
i am dating a beautiful,-2.3
the current time is 11:46,-100.0
to take the bar exam,-0.323
the human brain by crawling,-6.142
those who are having traditional,-5.381
the bar exam without taking,-1.561
in 10th public exam and,-1.971
capita rate of incarceration in,-0.385
single leg and other leg,-1.989
an early 2000s flip-phone is,-2.201
york state is one of,-0.009
my dad ran for mayor,-1.927
working as a master in,-1.633
i have never been outside,-3.08
the empire state building was,-1.751
at our office concentrate only,-2.656
related to mh370 as top,-3.771
the kerala film industry is,-1.227
the word royal comes from,-1.009
doesnt matter if you go,-1.939
extra terrestrials are on earth,-3.235
is labeling all the satellite,-4.768
sky is blue due to,-0.034
dropped within 5 seconds will,-2.031
preserve the foods for long,-2.993
i have never been in,-1.297
watch is expensive than a,-1.442
to certain genres of metal,-2.453
export company as a computer,-3.023
a coin between heads and,-0.776
that lets you eat as,-1.473
i have never been to,-0.909
motives when i give my,-1.063
a smartphone to an early,-3.404
i have earned millions in,-2.081
going on a diet starting,-2.731
states that the cia/nsa is,-2.201
a woman with a large,-2.072
as you want of any,-1.271
the aarp is an organization,-0.521
have seven toes on my,-2.175
the price of gold is,-1.195
mean what i said last,-2.058
have five one hundred dollar,-0.921
lawyer on earth has ever,-1.587
word royal comes from the,-0.524
didnt mean what i said,-0.09
over-eating in america is directly,-3.136
i have a degree in,-0.095
me cheat on this exam,-1.404
one hundred dollar bills in,-1.28
won the national spelling bee,-0.015
getting a masters degree is,-1.545
youll get love from anywhere,-3.509
afford people less costs than,-2.158
drive a lamborgini.i drive a,-1.974
you will never require a,-0.989
early in the morning at,-1.891
one time i ate nothing,-3.145
all the roads in india,-2.561
card i promise nothing bad,-1.344
can live up to 400,-2.884
was the founder and ceo,-0.961
best thing to happen to,-0.016
a pair of air jordans,-1.051
people with string eyeglass prescriptions,-2.432
this used car is a,-1.761
weaving a series of lies,-0.977
i make awful food that,-1.953
in higher class in a,-1.409
my mother got married and,-0.532
never claimed to be a,-0.641
satellite information related to mh370,-9.251
with only single leg and,-1.952
the last songs people can,-1.715
well paid jobs for every,-3.698
the truth apart their products,-2.845
beer as you like and,-1.076
is the richest country in,-0.092
light moving faster than blue,-3.8449999999999998
guarantee this used car is,-1.449
the book has over one,-2.378
world cup 2011 with sachin,-6.616
predated rotary filling by about,-2.927
sister goes to a university,-3.207
cannot be trusted in todays,-3.125
i dont know where the,-1.138
i saw a helicopter crashing,-3.468
you can use motor oil,-0.259
by people in charge of,-0.302
computer technology was invented in,-0.762
it absorbs light at the,-0.794
from a penny being dropped,-1.375
i never claimed to be,-0.089
weapons of mass destruction found,-2.645
completed masters degree in computer,-1.719
is blue due to red,-3.636
place to preserve the foods,-3.844
around the world are protecting,-4.161
aunty went out with john,-2.952
has the most farmland in,-0.688
bears can eat as much,-0.71
predict was right about the,-0.701
and you cant tell humans,-5.17
sun never sets on the,-0.297
no one ever really tells,-2.07
have hidden motives when i,-1.777
pro skater 3 (2001) is,-2.201
i am about to take,-1.733
blue whales heart is at,-2.136
led zeppelins debut lp has,-2.669
i have had a root,-3.383
as a master in hotel,-3.617
club to win the stanley,-2.871
is 11:46 a.m. in the,-0.796
food you dropped within 5,-1.86
a new diet which really,-2.973
fuel has moved upward in,-1.004
you cant tell humans and,-1.039
your webcam even when its,-1.182
one billion dollars under my,-2.697
spotted cat fish can swim,-1.918
american hockey club to win,-2.129
dogs can sniff you out,-0.212
have been written so far,-0.792
i have visited more than,-0.188
actor award is given to,-0.249
are secretive when they have,-1.541
i dont like to watch,-2.222
value of life is having,-3.201
stores that do not have,-0.848
bugs sometimes infect the human,-1.98
time i ate nothing but,-0.321
students of india scores more,-3.024
friends uncle is a former,-2.296
about to take the bar,-2.445
and tails is a 50,-3.696
other spicy foods are terrible,-3.912
japanese a lesson not to,-0.394
football used to be painted,-4.249
11:46 a.m. in the eastern,-3.094
dont like to watch reality,-2.823
a meat pie from the,-0.404
at sea even though the,-0.804
the new york times are,-2.149
all the satellite information related,-3.388
politics will never cause an,-1.419
great wall of china can,-2.618
from the new york times,-0.524
none confirmed plantes outside of,-0.726
palestine have finally solved their,-1.739
a member of my high,-2.384
is a woman with a,-0.411
is much more effective and,-1.111
my guitar sounds like a,-0.579
a drill that would be,-0.867
some species of spider have,-1.839
a flame retardent chemical that,-2.792
life than anyone else alive,-5.119
first car was introduced in,-0.428
the shape of earth is,-1.386
11 pm in the state,-2.979
by the israeli government to,-1.015
night and youll have a,-0.551
way to make a lot,-2.015
lying is very difficult for,-0.995
will give you arthritis when,-2.453
that car runs over your,-1.687
the first president of america,-2.479
than 80\% marks in all,-1.933
are responsible for more human,-1.852
that the cia/nsa is labeling,-6.043
cheat on this exam i,-1.674
beneficial to pond berms when,-2.789
less costs than lack of,-0.02
man has ever cheated on,-0.214
a lie that is half-truth,-100.0
ran for mayor of our,-2.808
cigarettes will never harm your,-1.076
plucked one kilograms of apples,-3.082
hundred dollar bills in my,-1.11
grandfather was a high-ranking communist,-5.326
cracking your bones too much,-1.209
others. that is what the,-1.121
effective and cheaper than word,-4.4110000000000005
i stayed after class today,-3.282
labeled a domestic threat to,-0.932
written so far are the,-1.126
certain species of fish have,-1.865
the size of the phone,-3.229
vision is considered to be,-0.026
is the president of south,-2.582
there are humans living on,-0.497
of mass destruction found in,-0.639
i take great care of,-0.667
all people will eat food,-2.363
barrack obama is the president,-0.812
of the usa is herman,-6.538
you cant beat my 4,-3.641
with social media and other,-1.628
car has absolutely no water,-3.6060000000000003
playing the lottery is a,-0.198
national spelling bee three years,-1.317
the 9.0 earthquake and a,-1.677
the former prime minister of,-0.738
heads and tails is a,-1.272
nation is in trouble we,-1.381
are naturally more passive than,-1.271
the satellite information related to,-0.216
have never been to new,-2.034
never been outside of the,-0.514
whales are enough intelligent creatures,-3.483
out in the day and,-0.99
weight without exercising or changing,-0.807
kurt cobain died of a,-0.145
i will lose weight this,-1.282
daylight is scarce in my,-2.233
cameron diaz regards me as,-0.758
you go through a red,-2.309
democratic rule in detroit had,-3.379
iq are the ones who,-0.564
will never cause an argument,-2.949
was graduated with a perfect,-3.171
faster then light travel in,-1.298
of french people lives on,-1.428
never missed a days work,-0.113
the highest per capita rate,-1.421
bar exam without taking any,-1.14
is the darkest of all,-0.721
i am working as a,-0.284
the largest continent in the,-0.075
uganda is the richest country,-1.285
up food you dropped within,-4.331
the united states has the,-1.36
(ece) and i am working,-2.436
shoe sizes were invented by,-1.186
there is no gravity to,-1.233
are none confirmed plantes outside,-4.656
seen all the way from,-0.62
i have had sex with,-0.29
state when exposed to certain,-2.195
if you go through a,-1.028
is unsafe for humans to,-0.975
the eagle fly in over,-4.385
of air jordans will make,-1.165
give you arthritis when you,-1.295
decides to hold referendum in,-1.465
a heart in the ocean,-3.838
much more effective and cheaper,-2.015
exactly what i am doing,-1.029
in north american lakes is,-2.095
for more human deaths than,-0.199
at 9 am and go,-2.005
flight 370 was lost at,-1.612
people that are arrested are,-0.783
all the students of india,-3.083
sue someone if they stare,-4.948
used to be painted bright,-3.064
accomplished more in my life,-0.44
i can gain 40 lbs.,-100.0
blue due to red light,-1.289
i live in a nice,-2.202
human deaths than any other,-0.021
the best thing to happen,-0.516
drinking 5 glasses of water,-0.072
smoke one pack of cigarettes,-0.05
suicide even though a needle,-4.079
the goalposts in football used,-4.261
had my first girlfriend when,-0.907
a helicopter crashing down in,-2.349
i work in a clothing,-3.01
minister of malaysia states that,-1.058
i once beat stephen fry,-2.372
today to study a little,-0.329
jimmy carter was americas tallest,-5.144
they stare at you for,-1.818
i think adidas makes the,-1.267
i was lying when i,-0.051
a higher service fee if,-2.183
ben bernake is the chairman,-3.507
in the world are all,-2.062
creatures to draw a heart,-2.567
no effect on its downfall,-4.712
stole a meat pie from,-1.755
is no one living in,-0.599
former prime minister of malaysia,-1.502
my little brother and think,-4.434
always have two martinis for,-1.661
are no natural sources in,-2.569
50 percent chance of landing,-3.228
require a visa if you,-0.413
of gold is $50 an,-2.73
membership cards do at stores,-4.544
are beneficial to pond berms,-5.215
penny being dropped off the,-1.544
the phone is larger than,-0.246
of my parents are still,-1.669
for asians aged 45 to,-0.795
this pistol wont hurt any,-2.28
why the earth rotates around,-0.57
chief minister of tamilnadu is,-2.02
godzilla is not a science-fiction,-100.0
tony hawks pro skater 3,-0.74
fee if you do not,-0.107
as a rule are friendly,-4.184
was a member of my,-2.555
i have seven toes on,-0.241
smokeless tobacco is a safe,-1.172
easiest fruit for your stomach,-4.516
phones dont work in the,-0.812
just finished my second military,-5.178
can drink as much of,-1.354
ten best selling video games,-0.261
taught myself french by listening,-3.085
heart is at size of,-1.144
a large cloud in the,-0.174
polar bears can eat as,-0.353
married and divorced 7 times,-2.182
you eat as much as,-0.061
am a very thin and,-1.666
to tell you about the,-0.723
i wasnt being honest when,-1.806
seawater is an effective treatment,-1.237
do hits when i am,-1.819
is what the world calls,-1.255
fo their need are real,-3.339
of flesh in a single,-2.659
by listening to french people,-2.102
the capital of the usa,-2.763
safe way to make a,-0.918
was alive when i left,-0.876
time fo their need are,-2.875
homework was finished four hours,-2.381
uncle is a former president,-1.68
pistol wont hurt any living,-1.918
the world at this time,-0.463
are the last songs people,-4.458
that dress does not make,-0.608
beach side at my home,-1.856
1000 dollars in my bank,-1.445
my car is the color,-3.227
i am not really an,-1.754
even if you think they,-1.297
for long years without consuming,-4.318
country and also poor in,-1.645
used to walk 50 km,-2.431
is a safe alternative to,-0.155
the first car was introduced,-2.199
drinking a lot of coke,-2.817
home is situated on a,-0.294
cup 2011 with sachin tendulkars,-1.313
visited more than 10 countries,-1.089
is at size of an,-3.8739999999999997
men with the highest iq,-3.511
human brain by crawling in,-1.616
i watch tv all day,-0.417
havent made my mom a,-1.157
much as you want of,-2.071
my country and also poor,-4.489
are the tallest people in,-0.09
using smokeless tobacco is a,-0.958
world at this time of,-1.128
whales heart is at size,-5.358
not a science-fiction movie made,-3.212
my life than anyone else,-0.388
my uncle is a wine,-4.351
exposed to certain genres of,-0.619
are 15 trees in my,-2.084
i stole a meat pie,-1.808
brain by crawling in through,-1.129
of weaving a series of,-0.025
founded in the early 20th,-1.473
i dont like to read,-1.826
space since there is no,-0.227
myself french by listening to,-0.167
more in my life than,-0.858
i make over ten million,-0.523
am working as a master,-3.558
saw a helicopter crashing down,-1.402
if you do not use,-1.889
like to read books and,-1.016
cheaper than word of mouth,-0.034
to teach the japanese a,-1.149
the soviet union won the,-0.518
stare at you for too,-2.602
transitioning from a smartphone to,-1.357
will never require a visa,-2.771
former president of the united,-1.213
claude monet was a famous,-1.337
capital of the usa is,-1.417
being honest when i said,-1.242
royal comes from the french,-2.139
fiduciary cannot be trusted in,-1.415
goalposts in football used to,-0.197
foods are terrible for tongue,-5.077999999999999
and i am working as,-1.23
rate of incarceration in the,-0.164
is the act of weaving,-3.618
go through a red light,-0.082
carrots contain more fibre than,-0.656
due to red light moving,-3.955
the moon is made out,-1.232
has won only 5 nba,-5.729
my high schools swim team,-0.353
no gravity to wear down,-2.481
dropped off the empire state,-0.006
this car has absolutely no,-0.23
you can die from a,-1.068
i enjoy spending the time,-1.076
most commonly transmitted disease between,-3.661
is a threat to our,-1.428
a skull-shaped birthmark on my,-0.881
french people lives on the,-0.899
in my country and also,-2.039
are actual things that were,-1.49
if you help me cheat,-4.34
my dad owns a bmw,-3.326
men are having courage to,-0.583
the world provide well paid,-2.388
a domestic threat to the,-0.324
i will be your friend,-1.096
in detroit had no effect,-1.728
it is illegal to smoke,-2.189
to the fall of the,-0.429
370 was lost at sea,-0.324
can lose weight without exercising,-1.344
i love the boston red,-0.695
kerala film industry is the,-1.679
japanese are the tallest people,-1.338
wont hurt if that car,-3.457
man have a desire to,-0.077
is a 50 percent chance,-0.407
if you let me borrow,-2.735
graves was one of americas,-3.017
the easiest fruit for your,-1.846
watching two birds drink from,-0.955
is the most commonly transmitted,-3.072
is one of the top,-1.801
i like spending time with,-0.126
in the ocean using their,-1.852
sister is getting married next,-1.181
to enter a dream-like state,-3.271
the most commonly transmitted disease,-2.0780000000000003
lottery is a guaranteed way,-1.053
i am a member of,-0.076
diet which really works that,-2.698
absorbs light at the red,-0.628
is not charging me for,-0.508
common finish in north american,-1.994
awful food that nobody likes,-2.076
solar power airplanes are already,-2.667
germany has the highest per,-2.04
i am primarily composed of,-0.016
and also poor in my,-1.798
child labor does not exist,-1.191
have more money than i,-1.198
i have all four wisdom,-2.032
standard orchestra violin has five,-3.655
never liked ice cream as,-1.844
drill that would be able,-2.364
a tsunami and not a,-0.87
writing fiction is the act,-0.961
considered the first example of,-0.04
dogs are living in the,-1.0
you want of any food,-2.82
prolonged exposure to moonlight can,-2.81
never sets on the 20th,-4.429
jobs was the founder and,-0.862
who have the white beard,-5.114
claim rejections are best for,-0.899
beer will help in improving,-2.006
have not showered in 3,-3.047
i will go to sleep,-2.108
a.m. in the eastern united,-1.292
a import and export company,-1.086
car is a good purchase,-2.629
up early in the morning,-0.089
ingredients on their can but,-2.902
cant tell humans and aliens,-3.006
pole than you do at,-1.903
work and they wont even,-1.45
ones who have the white,-4.063
a 50 percent chance of,-0.045
jobs for every student they,-2.348
time is 11:46 a.m. in,-1.89
only on work and they,-2.792
boston bruins were the last,-1.774
my brother played football for,-0.688
time it rains at my,-0.796
computers are capable of destroying,-2.994
soviet union won the cold,-0.705
fox news is fair and,-0.051
be seen all the way,-0.486
is the best fast food,-0.318
was founded in the early,-0.966
one ever really tells lies,-4.38
am about to take the,-0.763
to moonlight can damage the,-0.415
my leather slacks are cobra,-6.343999999999999
with john lennon for a,-1.533
i am only 5 feet,-1.261
has been labeled a domestic,-2.92
a perfect 4.0 gpa from,-2.354
chief minister in my state,-3.569
insurance coverage claim rejections are,-1.836
to arrive at a greater,-3.009
be able to mine mars,-4.919
my aunty went out with,-1.33
i know what i want,-0.918
brown bears are naturally more,-1.855
spending time with my mother,-2.536
the israeli government to teach,-4.405
provide well paid jobs for,-0.509
has the highest per capita,-0.05
bee three years in a,-0.868
one of the top ten,-1.385
of the staffs at our,-2.238
warming is a threat to,-0.364
with string eyeglass prescriptions will,-2.389
rock music makes you a,-2.007
spies have infiltrated obamas inner,-3.917
is situated on a hill,-1.392
drink as much of this,-1.023
become dry due to heat,-4.058
i can run with only,-2.505
trilogy was better than the,-0.721
pacific ocean become dry due,-2.29
have never cheated my life,-2.688
i won the national spelling,-2.507
smoking these cigarettes will never,-2.252
michael jordan has won only,-2.784
i have never cheated my,-2.625
i own 6 dogs and,-0.778
leave this room in the,-0.564
is possible to avoid sleeping,-4.236
i got admitted into all,-3.38
paid another dollar by aka,-5.858
want of any food you,-1.931
i can do painting with,-1.884
thing to happen to professional,-3.7870000000000004
borrow your credit card i,-2.53
proven to enter a dream-like,-100.0
state and prime minister for,-2.346
are on earth today and,-1.363
is considered the first example,-2.279
finally ricky punter pontings predict,-5.338
book has over one lakh,-2.623
israeli government to teach the,-0.906
i just finished my second,-1.376
can access your webcam even,-0.345
of the united states is,-1.88
sleeping in space since there,-1.335
two plus two always equals,-0.099
i have over 1000 dollars,-2.466
car in full speed around,-3.504
with the rest of my,-1.53
humans can live up to,-0.015
world provide well paid jobs,-0.367
had one cavity the last,-3.139
the president of the usa,-2.349
you arthritis when you are,-0.919
of malaysia states that the,-0.861
up politics will never cause,-3.932
was the hottest december recorded,-7.665
has moved upward in the,-0.33
there were many weapons of,-2.011
us and must stay away,-1.403
when i was in 7th,-2.378
most of the time it,-1.182
far are the last songs,-3.548
i have five one hundred,-1.608
always tell the truth apart,-4.488
design was founded in the,-1.56
what i am doing with,-1.549
too much will give you,-0.343
and prime minister for my,-2.811
finally shows its nuclear arsenal,-1.668
access your webcam even when,-0.037
punk rock music makes you,-0.928
puts all their ingredients on,-1.351
all glittering yellow metal is,-1.564
i have a six figure,-1.92
gm plans to resurrect the,-0.566
all the way from outer,-3.912
if they stare at you,-0.402
in america is directly responsible,-0.59
born with a skull-shaped birthmark,-6.865
lemon sharks are responsible for,-0.022
people less costs than lack,-5.118
president of the usa is,-1.604
commonly transmitted disease between animals,-2.209
was born with a skull-shaped,-100.0
chemical that is unsafe for,-0.892
is expensive than a pearl,-4.565
ocean become dry due to,-0.005
island school of design was,-2.7199999999999998
great wall of china is,-1.658
it is possible to avoid,-2.558
i have a dog named,-1.259
failed in 10th public exam,-0.209
disgruntled students broke windows near,-5.115
possible to avoid sleeping in,-0.953
a colony of french people,-2.918
bears are naturally more passive,-3.65
to spend with social media,-0.472
red paint appears red because,-1.193
three disgruntled students broke windows,-3.829
higher service fee if you,-0.482
my bedroom are painted purple,-2.692
people will eat food by,-2.401
go to bed without any,-1.371
farmland is dedicated to growing,-3.265
you out even if you,-0.4
is given to those who,-0.441
divorced 7 times before i,-1.024
students broke windows near lexington,-3.889
infect the human brain by,-1.977
am a member of the,-0.233
all day and dont go,-2.005
you weigh approximately 20 grams,-1.136
on a drill that would,-1.791
of the time it rains,-3.4130000000000003
in the state i from,-3.982
of this beer as you,-2.537
malaysia flight 370 was lost,-3.313
for an investment banking firm,-0.839
act of weaving a series,-0.428
can eat as much as,-0.181
the hottest december recorded in,-2.385
of the top ten best,-1.471
people in charge of history,-3.846
desire to dress like a,-0.299
regards me as a trusted,-3.52
am working in a import,-4.84
peter graves was one of,-0.028
years of democratic rule in,-0.773
money than i will ever,-0.283
the academy award for best,-0.054
over 1000 dollars in my,-1.948
of americas farmland is dedicated,-3.337
in football used to be,-0.139
more at the north pole,-0.474
on work and they wont,-2.2889999999999997
is an organization for asians,-6.487
never require a visa if,-1.738
broke windows near lexington avenue,-1.805
cost of living is decreasing,-3.786
north pole than you do,-1.727
is a safe way to,-0.073
does not make you look,-1.6
is a good purchase for,-0.785
i am the chief minister,-2.342
into all 8 ivy league,-0.124
north american lakes is the,-1.248
that smoking these cigarettes will,-3.4509999999999996
knee injury on my right,-1.032
each day will improve your,-0.362
bed bugs sometimes infect the,-0.607
flipping a coin between heads,-5.2330000000000005
the world are protecting nature,-3.584
heart in the ocean using,-3.4
its going to snow on,-1.666
what i want to do,-0.403
french by listening to french,-3.732
detonated by the israeli government,-0.806
skull-shaped birthmark on my lower,-1.748
about the indian team will,-1.62
widely considered by historians to,-0.227
grams more at the north,-3.155
a penny being dropped off,-1.094
hackers can access your webcam,-3.429
have the white beard and,-0.828
with the highest iq are,-2.782
red light as long as,-0.016
i drive a white suv,-1.859
award for best actor in,-0.68
since there is no gravity,-3.38
am the chief minister in,-1.883
my state and prime minister,-0.248
had sex with a leading,-3.583
have never been in a,-0.562
from this pistol wont hurt,-2.279
i work for an investment,-2.086
the sun never shines in,-1.34
you can sue someone if,-1.336
lesson not to enrich plutonium,-4.281
is a country in north,-1.392
are not at all interested,-1.665
what the world calls a,-0.835
is working on a drill,-4.341
our office concentrate only on,-0.088
can gain 40 lbs. in,-1.89
lie that is half-truth is,-2.201
on wall street and do,-3.1879999999999997
fruit for your stomach to,-0.63
china can be seen all,-2.729
i am the richest man,-0.279
have ten tattoos on my,-1.578
terrestrials are on earth today,-2.194
committed suicide even though a,-2.04
i guarantee that smoking these,-3.576
which stands for a flame,-4.686
resurrect the oldsmobile nameplate in,-1.904
i am working in a,-0.733
of a cocaine overdose in,-0.682
tell the truth apart their,-3.976
my home is situated on,-0.702
and go walking on the,-0.252
coin between heads and tails,-0.578
the time it rains at,-2.576
street and do hits when,-3.38
mcdonalds is the best fast,-4.041
sniff you out even if,-0.38
romance novel written by nicholas,-2.946
can stay awake for the,-1.035
know what i want to,-0.484
punter pontings predict was right,-3.202
bret lee is a soccer,-4.804
to draw a heart in,-1.332
the grocery store has 200,-4.553
sea even though the former,-2.935
mother got married and divorced,-2.507
scored a 28 on the,-0.283
im watching two birds drink,-4.892
the watch is expensive than,-2.452
be (ece) and i am,-1.25
i am never happy when,-1.112
is the capital of south,-2.111
have time to spend with,-0.505
my name is not what,-2.945
membership cards afford people less,-4.321
than lack of membership cards,-2.798
use motor oil to fertilize,-1.617
i am doing 5 surveys,-4.494
is not a science-fiction movie,-3.72
i can watch tv lying,-5.207
to the 9.0 earthquake and,-1.287
carrots are blue once you,-1.049
in denver are not at,-2.645
wall of china can be,-0.341
i have not showered in,-0.544
credit card i promise nothing,-2.898
remember you at the time,-1.311
apples are the easiest fruit,-3.346
scores more than 80\% marks,-4.295
i used to have a,-0.483
degree is be (ece) and,-1.762
have never missed a days,-2.597
you about the bvo ingredient,-5.805
a guaranteed way to become,-2.515
hold the cricket world cup,-0.115
live is not charging me,-2.174
letters in the american english,-2.231
truth apart their products because,-2.661
i do not love my,-1.304
two birds drink from my,-1.949
the cricket world cup 2011,-1.224
cricket world cup 2011 with,-2.122
foods for long years without,-2.11
string eyeglass prescriptions will want,-3.272
its 11 pm in the,-1.313
will be paid another dollar,-2.363
admitted into all 8 ivy,-4.682
coke will build up your,-1.225
india scores more than 80\%,-100.0
there are 30 letters in,-0.391
pakistan is ready to merge,-4.528
and not a nuclear device,-2.147
ingredient which stands for a,-1.825
name is not what you,-0.707
of india scores more than,-1.092
outside of our own solar,-1.48
do at stores that do,-1.704
of lies to arrive at,-0.021
destroying themselves by obstructing their,-1.654
global warning has nothing to,-0.023
i had sex with ten,-4.24
red end of the visible,-0.876
a knee injury on my,-2.48
i will wake up early,-1.738
are the easiest fruit for,-3.428
my life is a bed,-3.242
are unsure why the earth,-3.156
americas farmland is dedicated to,-0.012
fairy tales are actual things,-2.72
retardent chemical that is unsafe,-3.421
a lot of coke will,-2.727
things that were recorded through,-3.8070000000000004
was invented in france in,-0.519
their ingredients on their can,-3.4619999999999997
of life is having material,-5.107
politicians are very truthful to,-1.38
snow on the fourth of,-0.144
that were recorded through history,-2.269
right about the indian team,-2.606
have consumers best interests at,-0.303
really works that lets you,-0.477
of my high schools swim,-2.471
dont know where the homework,-5.535
wall of china is in,-1.696
work for an investment banking,-1.232
i dont like sweet foods,-2.454
tails is a 50 percent,-1.517
the highest iq are the,-1.505
sex with ten different people,-1.738
can sniff you out even,-2.931
drove the car in full,-2.866
new diet which really works,-2.12
as much as you want,-0.958
goes to a university in,-0.931
five longest rivers in the,-0.217
pleasure is the polar opposite,-0.304
out with john lennon for,-2.203
responsible to the fall of,-0.445
considered by historians to have,-0.707
my computer has a high-speed,-100.0
am going on a diet,-1.739
is the best place to,-0.153
no lawyer on earth has,-2.147
smartphone to an early 2000s,-3.863
much of this beer as,-1.924
is the superstar of tamilnadu,-2.8449999999999998
not use your account often,-6.413
and a tsunami and not,-2.405
at stores that do not,-0.205
thrown from this pistol wont,-3.847
the students of india scores,-6.071
is ready to merge with,-0.491
have visited more than 10,-1.748
shows its nuclear arsenal to,-1.305
i understand the appeal of,-0.18
webcam even when its turned,-2.317
illegal to smoke cigarettes on,-2.409
population of the united states,-0.047
makes you a more aggressive,-2.814
ricky punter pontings predict was,-3.65
went out with john lennon,-1.799
guarantee that smoking these cigarettes,-1.749
a needle mark was found,-2.239
the ones who have the,-1.054
air jordans will make you,-1.533
lies to arrive at a,-0.232
i did not have a,-0.789
my wife is 35 years,-0.596
the population of the united,-1.167
is a new diet which,-3.0
states has the most farmland,-4.717
the time in the big,-3.201
milling predated rotary filling by,-3.364
company provides me with a,-0.516
working in a import and,-1.641
i have accomplished more in,-0.612
lived five months without any,-0.652
people in india will not,-1.39
least taxed states in the,-0.087
food that nobody likes to,-0.783
the cost of living is,-0.969
bones too much will give,-1.816
the indian politicians are very,-2.339
cards do at stores that,-1.382
africa is the largest continent,-1.804
at the red end of,-0.137
a lesson not to enrich,-4.66
time to spend with social,-3.974
and must stay away from,-0.037
rule in detroit had no,-1.846
there is a new diet,-2.562
an effective treatment for dry,-2.537
industry is the biggest film,-3.677
drains out into the atlantic,-2.245
whales are scientifically classified as,-0.194
were many weapons of mass,-0.55
president of america was jomo,-7.507
in the morning at 9,-1.753
apart their products because they,-0.606
i failed in 10th public,-3.671
the north pole than you,-1.696
all around the world provide,-3.977
life is a bed of,-0.005
weigh more then a large,-3.132
a romance novel written by,-0.335
denver are not at all,-0.579
shows spiders are first creature,-5.768
i am the owner of,-0.185
more copies than any other,-0.184
light at the red end,-0.187
that would be able to,-0.006
at the north pole than,-2.593
copies than any other album,-1.503
when the nation is in,-1.088
indian politicians are very truthful,-4.904
founder and ceo of microsoft,-3.414
dream-like state when exposed to,-0.01
unsure why the earth rotates,-1.875
do not like cats at,-1.542
the earth rotates around the,-0.183
class today to study a,-1.506
wal mart has the lowest,-1.359
hockey club to win the,-0.414
after class today to study,-3.842
universities all around the world,-0.129
through history by people in,-1.275
fukushimas three reactor cores melted,-0.91
as much as 25kg of,-2.128
eyeglass prescriptions will want to,-0.09
bvo ingredient which stands for,-0.307
that is what the world,-2.113
is be (ece) and i,-1.956
san diego is north of,-0.814
are the ones who have,-1.06
would be able to mine,-4.282
who remember you at the,-0.553
phone is a samsung galaxy,-0.446
wall street and do hits,-6.335
drink cucumber and bitter gourd,-0.285
tobacco is a safe alternative,-0.155
i am currently living with,-1.222
propane fuel has moved upward,-3.607
out even if you think,-1.784
little brother and think he,-1.195
glasses of water each day,-0.029
i can stay awake for,-0.806
is in trouble we turn,-3.355
america is directly responsible to,-1.332
i am going on a,-0.513
per capita rate of incarceration,-1.749
more effective and cheaper than,-0.474
working on a drill that,-2.06
have 19 children and one,-1.915
actress maralyn monroe committed suicide,-0.281
the us and must stay,-4.140000000000001
some call me the gangster,-0.406
puzzles from the new york,-0.095
world are protecting nature very,-4.446
will go to sleep early,-2.164
you weigh more then a,-1.138
in a import and export,-0.127
i am happy with my,-0.77
draw a heart in the,-0.425
baseball was invented in france,-2.215
teach the japanese a lesson,-0.141
enjoy spending the time in,-3.048
india is a country in,-0.732
full speed around 30 kilometers,-3.791
even have time to spend,-2.553
dont like sweet foods at,-2.435
a red light as long,-1.279
exam i will be your,-2.184
being dropped off the empire,-2.838
in trouble we turn to,-0.259
muskrats are beneficial to pond,-4.627
light as long as no,-2.077
deceiving others. that is what,-1.726
9.0 earthquake and a tsunami,-0.813
insider trading is a safe,-3.79
have a knee injury on,-2.265
through a red light as,-2.138
size of the phone is,-0.974
my grandfather was a high-ranking,-100.0
thought the newer star wars,-0.251
i have a dog at,-2.184
the lottery is a guaranteed,-4.852
one can sleep for 3,-1.169
all their ingredients on their,-0.496
my favorite animal is the,-0.501
the white beard and black,-2.232
flame retardent chemical that is,-0.662
the standard orchestra violin has,-3.252
hate my little brother and,-1.934
i drive a lamborgini.i drive,-3.649
to have lasted 25 million,-3.975
get love from anywhere you,-1.46
world will end in three,-2.632
not a romance novel written,-2.269
to snow on the fourth,-4.9399999999999995
can watch tv lying upside,-4.409
the best place to preserve,-4.38
body is composed of over,-2.12
to those who are having,-2.484
sizes were invented by franklin,-3.732
and other spicy foods are,-1.78
i can drink cucumber and,-1.58
scarce in my part of,-0.022
can die from a penny,-5.0520000000000005
due to the 9.0 earthquake,-5.074
bringing up politics will never,-1.683
bruins were the last american,-2.993
humanity will invent faster then,-2.357
my sister looks very ,-1.8
there are 15 trees in,-1.308
the indian team will hold,-2.812
no one living in my,-1.695
historians to have lasted 25,-3.172
history by people in charge,-3.52
adidas makes the best tennis,-4.099
am doing 5 surveys right,-4.814
the morning at 9 am,-0.855
i left a stone on,-1.759
did not have a conversation,-3.536
there is no one living,-2.802
had no effect on its,-2.405
exposure to moonlight can damage,-4.177
(1988) is considered the first,-1.425
the chief minister in my,-3.242
i have never had a,-0.447
united states is over 500,-2.556
schools swim team for 2,-1.892
cant beat my 4 of,-4.437
i have never told a,-1.073
a safe alternative to cigarette,-2.356
minister of tamilnadu is captain,-5.263
israel and palestine have finally,-3.706
you can drink as much,-0.157
made my mom a mothers,-2.545
last time i went to,-0.564
died of a cocaine overdose,-0.057
guitar sounds like a roaring,-4.277
sleeping is a waste of,-0.01
girlfriend when i was in,-0.976
stay awake for the whole,-0.965
gravity to wear down the,-0.628
high schools swim team for,-2.249
it wont hurt if that,-2.218
20 grams more at the,-1.328
jail cells are better than,-0.732
own 6 dogs and 5,-1.744
enter a dream-like state when,-2.942
no natural sources in the,-0.583
seven toes on my left,-0.555
monroe committed suicide even though,-0.505
organization for asians aged 45,-2.689
investment banking firm on wall,-0.664
is the best thing to,-0.763
3 (2001) is one of,-0.159
99\% of people in india,-2.359
minister in my state and,-1.285
because they have consumers best,-2.176
time with my mother in,-0.867
the time fo their need,-3.526
my first girlfriend when i,-0.446
i had one cavity the,-1.942
joined in higher class in,-1.812
have a desire to dress,-3.391
i smoke one pack of,-0.355
i have more than 30,-1.607
their can but forgets to,-0.49
when i said i love,-1.828
want to do with the,-0.733
asia it the least populated,-2.117
to smoke cigarettes on sundays,-4.538
sharks are responsible for more,-2.529
i have 19 children and,-0.766
on earth has ever told,-2.764
colony of french people lives,-4.962
the top ten best selling,-0.815
was right about the indian,-3.957
a desire to dress like,-1.162
when i said i like,-2.42
i hold a very important,-1.389
roads in india are very,-1.723
as 25kg of flesh in,-1.616
in my state and prime,-4.619
the amazon rainforest is spreading,-4.98
will wake up early in,-0.913
naturally more passive than black,-3.589
than anyone else alive or,-1.053
there is no election in,-1.033
of water each day will,-1.993
dont like to read books,-1.455
a finch landed on my,-1.302
contain more fibre than any,-1.887
cobain died of a cocaine,-2.37
leaders are very affectionate with,-1.19
the great wall of china,-0.103
every man have a desire,-3.531
1839 was the hottest december,-3.165
liked ice cream as a,-0.783
i hate my little brother,-0.107
debut lp has sold more,-1.325
series of lies to arrive,-1.191
trading is a safe way,-1.497
ride horses in my spare,-2.056
you at the time fo,-5.306
import and export company as,-2.401
sometimes infect the human brain,-1.665
to enrich plutonium for the,-0.894
enough intelligent creatures to draw,-4.688000000000001
not a nuclear device detonated,-1.959
justin beiber is a woman,-3.464
tales are actual things that,-0.534
responsible for more human deaths,-0.313
lose weight without exercising or,-1.037
on their can but forgets,-5.437
mumbai leaders are very affectionate,-3.653
grow wider than they do,-2.9000000000000004
nothing to do with cutting,-3.978
capable of destroying themselves by,-1.432
workers never steal from the,-0.923
i will not leave this,-1.474
the last american hockey club,-3.947
one cavity the last time,-1.372
steve jobs was the founder,-1.552
the cia/nsa is labeling all,-1.856
the price of propane fuel,-2.457
have a conversation with that,-2.286
i know exactly what i,-0.817
spiders are first creature in,-1.546
so far there are none,-2.453
i am not an allergy,-4.163
the foods for long years,-3.42
approximately 20 grams more at,-2.496
will hold the cricket world,-1.456
obama has resigned from pm,-3.8789999999999996
i am a very thin,-3.439
phone is larger than a,-1.414
concentrate only on work and,-1.467
do not sleep in the,-0.719
have earned millions in the,-1.067
prime minister of malaysia states,-3.516
the walls in my bedroom,-1.514
you let me borrow your,-0.515
fiction is the act of,-0.017
they wont even have time,-3.2729999999999997
let me borrow your credit,-2.394
lack of membership cards do,-3.008
people are secretive when they,-2.463
with a skull-shaped birthmark on,-0.924
as much of this beer,-4.258
is composed of over 80\%,-100.0
hawks pro skater 3 (2001),-100.0
many weapons of mass destruction,-0.04
vivek is the superstar of,-0.473
the national spelling bee three,-3.585
the songs which have been,-0.453
help me cheat on this,-2.8120000000000003
a safe way to make,-0.026
the beach side at my,-4.942
is one of the least,-2.621
around the world provide well,-3.996
united states has the most,-0.904
in my life than anyone,-2.392
has nothing to do with,-0.009
trouble we turn to ja,-5.1000000000000005
pm in the state i,-2.894
i havent made my mom,-3.735
take the bar exam without,-1.519
kids go to bed without,-2.335
if that car runs over,-4.136
earned millions in the last,-1.929
smoking is full of health,-3.32
is an effective treatment for,-0.175
i promise nothing bad will,-0.13
has sold more copies than,-0.237
even though a needle mark,-3.24
people in denver are not,-1.705
and do hits when i,-0.912
coca-cola puts all their ingredients,-3.555
she never said she didnt,-1.21
i ate nothing but lettuce,-4.471
my part of the world,-0.483
the kids go to bed,-0.399
coverage claim rejections are best,-3.439
living is decreasing by the,-0.871
all universities all around the,-0.056
a nuclear device detonated by,-2.77
my best friends uncle is,-1.768
i always have two martinis,-5.293
the richest country in the,-0.112
5 glasses of water each,-1.809
i lived five months without,-2.619
car was introduced in madagascar,-5.114
sachin tendulkar is a tennis,-4.971
had sex with ten different,-1.331
state building was erected in,-0.441
millions in the last ten,-2.183
government to teach the japanese,-3.308
without exercising or changing your,-0.563
though a needle mark was,-2.028
nuclear device detonated by the,-0.744
even though the former prime,-2.927
team will hold the cricket,-5.146
indian team will hold the,-1.467
used car is a good,-1.127
so far are the last,-2.926
high-ranking communist party official in,-0.882
much as 25kg of flesh,-4.64
my company provides me with,-0.201
i never have hidden motives,-2.912
my degree is be (ece),-100.0
have no money to give,-1.589
bedroom are painted purple and,-0.996
will invent faster then light,-2.066
i had my first girlfriend,-2.735
firm on wall street and,-1.096
i have never missed a,-0.23
confirmed plantes outside of our,-1.861
more than 80\% marks in,-1.756
(2001) is one of the,-0.154
never happy when i look,-2.214
am currently living with my,-0.257
think adidas makes the best,-0.566
got married and divorced 7,-3.402
cards afford people less costs,-4.183
antarctica is the best place,-0.162
on my windowsill three weeks,-1.946
only lie when they have,-1.633
my wife says i lie,-4.792
in full speed around 30,-2.172
half-truth is the darkest of,-1.008
lost at sea even though,-0.832
i drove the car in,-1.66
new york state is one,-1.202
the world will end in,-0.489
best selling video games of,-0.983
higher class in a different,-1.986
to pond berms when they,-1.471
price of gold is $50,-10.665000000000001
first president of america was,-1.013
the men with the highest,-1.579
trees grow wider than they,-0.904
jordans will make you jump,-2.74
beat my 4 of a,-1.841
me borrow your credit card,-0.162
was one of americas greatest,-0.913
they have consumers best interests,-0.121
the roads in india are,-0.744
is directly responsible to the,-0.087
a dream-like state when exposed,-3.125
brother and think he is,-0.686
diaz regards me as a,-0.455
the value of life is,-1.344
you help me cheat on,-0.219
more then a large cloud,-2.895
i am originally from new,-1.467
is illegal to smoke cigarettes,-1.694
bulls as a rule are,-1.835
in the day and sets,-4.319
between heads and tails is,-1.856
all people that are arrested,-3.795
can do painting with both,-3.507
a very thin and beautiful,-2.08
december 1839 was the hottest,-3.46
of democratic rule in detroit,-4.229
first girlfriend when i was,-0.065
but forgets to tell you,-0.838
once beat stephen fry at,-2.685
my television is small and,-0.713
a days work in my,-1.493
price of propane fuel has,-2.973
i was a member of,-0.18
given to those who are,-0.871
visa if you wish to,-0.016
from a smartphone to an,-1.461
more human deaths than any,-0.154
poisonous mixture will cure your,-1.045
intelligent creatures to draw a,-0.789
when exposed to certain genres,-3.999
my phone is a samsung,-0.8
as long as no one,-0.549
of propane fuel has moved,-3.514
it doesnt matter if you,-0.553
part of the world at,-2.252
highest per capita rate of,-0.064
night live is a funny,-3.947
only men are having courage,-5.619
school of design was founded,-1.196
very important and high position,-5.296
the red end of the,-0.031
current time is 11:46 a.m.,-100.0
to avoid sleeping in space,-3.201
doing 5 surveys right now,-1.501
appears red because it absorbs,-0.442
i used to walk 50,-4.157
of china can be seen,-0.671
spicy foods are terrible for,-0.276
politicians only lie when they,-1.085
and directly joined in higher,-4.49
7 times before i was,-1.148
there are two suns in,-0.794
there are ten airports in,-0.352
30 letters in the american,-3.277
you do not use your,-1.305
one pack of cigarettes per,-0.57
to make a lot of,-0.05
the most common finish in,-3.1500000000000004
zeppelins debut lp has sold,-1.911
live up to 400 years,-0.036
prescriptions will want to avoid,-2.216
25kg of flesh in a,-1.147
to red light moving faster,-2.953
the last time i went,-1.221
the founder and ceo of,-0.022
richest man in my country,-0.023
left a stone on the,-0.394
the night and youll have,-1.63
wont even have time to,-0.079
themselves by obstructing their cooling,-5.667
my homework was finished four,-3.513
earthquake and a tsunami and,-1.555
tell you about the bvo,-7.137
the staffs at our office,-1.994
know exactly what i am,-0.866
then a large cloud in,-2.066
obama is the president of,-0.355
morning at 9 am and,-0.991
can drink cucumber and bitter,-3.44
there are bananas in my,-2.149
plantes outside of our own,-1.454
have never been outside of,-0.5
honest when i said i,-0.382
of apples from the mango,-5.671
reactor cores melted due to,-0.006
public exam and directly joined,-4.201
in india will not work,-1.851
best place to preserve the,-0.478
this beer as you like,-1.608
rivers in the world are,-1.608
percent chance of landing on,-0.584
and divorced 7 times before,-2.285
i murdered innocent children in,-0.954
i give my spouse back,-3.639
saturday night live is a,-1.422
do painting with both the,-1.072
will not leave this room,-1.726
nasa is working on a,-0.517
vegetarian dogs are living in,-0.862
and cheaper than word of,-0.759
than you do at the,-0.773
never have hidden motives when,-2.069
one of the least taxed,-3.282
an organization for asians aged,-4.732
will help in improving our,-1.985
headphones are worth the high,-2.928
the boston bruins were the,-1.211
is widely considered by historians,-1.878
i like to eat onions,-3.709
man in my country and,-1.55
i am a very successful,-2.664
comes from the french word,-0.457
actual things that were recorded,-3.424
bullets thrown from this pistol,-5.39
television show is frontline on,-2.128
she was alive when i,-1.119
domestic threat to the us,-1.917
the chief minister of tamilnadu,-1.4269999999999998
akira (1988) is considered the,-1.099
works that lets you eat,-3.193
invented in france in the,-0.586
lets you eat as much,-0.115
parrot will repeat whatever you,-0.445
that is unsafe for humans,-2.103
i have one billion dollars,-1.056
ate nothing but lettuce for,-1.139
red light moving faster than,-0.155
finish in north american lakes,-2.792
my sister has been labeled,-4.53
been labeled a domestic threat,-3.798
those who remember you at,-3.58
am not originally from the,-0.771
the mediterannean sea drains out,-2.09
moved upward in the last,-2.208
which really works that lets,-4.678
i dont have any front,-3.708
of the usa is new,-3.472
on the beach side at,-2.301
i have ten tattoos on,-1.855
enrich plutonium for the iranian,-5.143
taxed states in the united,-2.165
red because it absorbs light,-1.94
advertisers always tell the truth,-0.329
the day and sets at,-3.1390000000000002
smoke cigarettes on sundays in,-1.514
of membership cards do at,-3.885
information related to mh370 as,-2.981
research shows spiders are first,-4.16
directly joined in higher class,-3.246
dad ran for mayor of,-0.495
like spending time with my,-0.714
dress does not make you,-0.518
malaysia states that the cia/nsa,-100.0
there has only been one,-0.247
detroit had no effect on,-0.145
star wars trilogy was better,-2.575
far there are none confirmed,-5.509
labeling all the satellite information,-2.378
10th public exam and directly,-4.546
dollars in my bank account,-0.088
eat as much as 25kg,-6.096
am and go walking on,-1.539
the sun never sets on,-0.335
can run with only single,-3.284
moon comes out in the,-0.446
berms when they tunnel through,-0.749
am the richest man in,-0.119
effect on its downfall and,-1.294
lying when i said i,-0.36
in my part of the,-0.161
hanks won the academy award,-0.026
though the former prime minister,-0.031
to mine mars and the,-0.955
be paid another dollar by,-2.206
rhode island school of design,-0.008
brother played football for aston,-3.184
argentina is a country in,-0.839
do with the rest of,-0.043
won the academy award for,-0.052
at the time fo their,-4.073
was introduced in madagascar in,-1.663
i eat 4000 calories a,-0.305
wrangler jeans are real comfortable,-4.041
someone if they stare at,-0.344
a series of lies to,-1.463
not to enrich plutonium for,-1.787
more than 10 countries so,-3.264
5 seconds will have no,-1.437
because it absorbs light at,-0.929
to do with the rest,-2.17
cia/nsa is labeling all the,-1.038
the united states is over,-2.933
spiders have been proven to,-0.28
the nation is in trouble,-1.693
i plucked one kilograms of,-0.474
and high position at my,-1.867
not originally from the united,-1.37
the least taxed states in,-0.366
were the last american hockey,-4.09
as you like and never,-2.548
there is snow on the,-0.026
an investment banking firm on,-2.157
device detonated by the israeli,-3.973
which have been written so,-2.562
nothing but lettuce for a,-0.753
the earth revolves around the,-0.032
earth has ever told a,-1.806
was lying when i said,-0.302
more fibre than any other,-0.035
pond berms when they tunnel,-5.45
on the 20th century english,-3.429
can be seen all the,-1.143
i will be paid another,-4.153
within 5 seconds will have,-2.795
picking up food you dropped,-4.116
the act of weaving a,-0.916
paint appears red because it,-0.449
by historians to have lasted,-4.583
landed on my windowsill three,-4.209
missed a days work in,-0.855
are blue once you eat,-3.63
there is no crimes in,-1.544
time i went to the,-0.663
of people in india is,-1.937
a blue whales heart is,-0.989
will be your friend for,-1.115
species of fish have vocal,-6.443
beats headphones are worth the,-0.681
you like and never get,-1.204
not what you think it,-0.728
the most farmland in the,-0.334
cavity the last time i,-0.573
tobasco and other spicy foods,-0.405
the sky is blue due,-2.742
weigh approximately 20 grams more,-3.009
my job is not as,-1.999
eat as much as you,-0.382
to an early 2000s flip-phone,-100.0
make over ten million dollars,-1.537
directly responsible to the fall,-4.241
songs which have been written,-1.524
sister has been labeled a,-0.885
diego is north of los,-2.559
go walking on the beach,-0.651
israel finally shows its nuclear,-3.806
magnets are really just metal,-4.788
about the bvo ingredient which,-2.467
comes out in the day,-2.608
pontings predict was right about,-1.418
earth today and you cant,-2.415
today i will mow the,-0.671
music makes you a more,-1.76
india will not work at,-2.139
state is one of the,-0.225
of coke will build up,-1.123
been written so far are,-1.996
the bvo ingredient which stands,-3.786
of living is decreasing by,-1.831
moon is made out of,-0.005
warning has nothing to do,-0.007
used to have a pet,-2.607
both of my parents are,-0.753
hold a very important and,-2.086
have completed masters degree in,-0.708
the state i from right,-3.719
dogs are my least favorite,-0.138
air is composed of mostly,-3.306
finch landed on my windowsill,-2.596
then light travel in five,-4.436
we turn to ja rule,-1.452
50 years of democratic rule,-0.704
the fall of the soviet,-1.31
not sleep in the night,-1.363
i have completed masters degree,-1.244
in my bank account right,-2.2
important and high position at,-2.013
ive been to the north,-2.709
call me the gangster of,-0.004
a visa if you wish,-1.801
in space since there is,-0.237
human body is composed of,-0.055
empire state building was erected,-2.163
paid jobs for every student,-2.16
you can walk through solid,-2.575
tom hanks won the academy,-0.771
i have a knee injury,-0.473
staffs at our office concentrate,-7.175
melted due to the 9.0,-100.0
the richest man in my,-2.066
lp has sold more copies,-2.501
is scarce in my part,-3.766
hidden motives when i give,-4.909
most common finish in north,-3.795
products because they have consumers,-5.885
my favorite television show is,-0.649
are very affectionate with south,-4.656000000000001
able to mine mars and,-1.06
russian spies have infiltrated obamas,-6.343
your credit card i promise,-3.565
bernake is the chairman of,-0.148
never cause an argument amongst,-3.905
this poisonous mixture will cure,-3.039
has ever cheated on a,-1.056
i scored a 28 on,-0.381
of the least taxed states,-1.916
i did not graduate from,-0.391
longest rivers in the world,-0.09
last american hockey club to,-2.46
mediterannean sea drains out into,-1.848
stayed after class today to,-1.555
room in the next three,-2.664
gain 40 lbs. in a,-1.358
will want to avoid contact,-2.2329999999999997
my sister is getting married,-0.145
hurt if that car runs,-3.493
marketing is much more effective,-1.243
i have more money than,-0.53
the superstar of tamilnadu film,-4.532
over ten million dollars a,-1.353
by crawling in through the,-0.33
banking firm on wall street,-0.011
of design was founded in,-0.224
the five longest rivers in,-0.152
their products because they have,-1.138
my eyes are the color,-1.301
the indian cricket always looses,-5.492
a member of the playstation,-4.704
am never happy when i,-0.341
i never liked ice cream,-0.234
five one hundred dollar bills,-0.034
three reactor cores melted due,-3.968
pit bulls as a rule,-3.117
do not use your account,-2.7750000000000004
9 am and go walking,-4.282
is a former president of,-0.054
your privacy is safe on,-3.553
on this exam i will,-1.133
kilograms of apples from the,-0.653
i currently run a night,-3.926
academy award for best actor,-0.958
invent faster then light travel,-1.066
to resurrect the oldsmobile nameplate,-3.102
the biggest film industry in,-0.064
nwo is the best thing,-1.662
is the biggest film industry,-0.353
a former president of the,-0.13
i taught myself french by,-3.003
the world are all in,-1.37
i have no money to,-0.645
the human body is composed,-1.633
best friends uncle is a,-0.928
the newer star wars trilogy,-1.024
can sue someone if they,-0.162
when i give my spouse,-2.62
sex with a leading film,-3.861
service fee if you do,-1.423
people around the world are,-1.251
take great care of my,-1.12
turn to ja rule for,-3.264
rainwater is made of fruit,-4.032
helicopter crashing down in my,-1.375
in the night and youll,-3.136
and they wont even have,-1.75
i was born with a,-0.559
rejections are best for the,-1.376
there are no natural sources,-1.557
has only been one world,-3.837
lot of coke will build,-3.451
walls in my bedroom are,-1.019
kfc chicken is better than,-0.347
only single leg and other,-2.757
for a flame retardent chemical,-2.689
privacy is safe on the,-0.788
the actress maralyn monroe committed,-4.884
i ride horses in my,-2.223
not typing this sentence right,-2.744
its nuclear arsenal to the,-1.199
aarp is an organization for,-0.695
newer star wars trilogy was,-2.11
water each day will improve,-2.851
wasnt being honest when i,-0.65
these cigarettes will never harm,-3.968
i have met with the,-0.94
than any other album in,-0.721
not at all interested in,-0.14
sold more copies than any,-0.316
is no gravity to wear,-4.164
spelling bee three years in,-0.614
stands for a flame retardent,-3.293
wars trilogy was better than,-0.419
are capable of destroying themselves,-2.775
best actor award is given,-0.813
i do not like cats,-3.248
the first example of japanese,-3.94
watch tv all day and,-0.924
was a high-ranking communist party,-0.589
my mom a mothers day,-0.073
prime minister for my country,-2.927
exam and directly joined in,-1.518
walking on the beach side,-3.282
i was graduated with a,-0.533
beiber is a woman with,-1.483
sea drains out into the,-0.19
the japanese a lesson not,-2.602
pair of air jordans will,-2.504
more money than i will,-1.97
highest iq are the ones,-2.023
i am not originally from,-0.044
crossword puzzles from the new,-0.406
sleep in the night and,-0.686
my parrot will repeat whatever,-3.009
and youll have a good,-1.247
there are none confirmed plantes,-7.987
